<?xml version="1.0" encoding="utf-8"?>
<extension type="component" version="3.0" method="upgrade">
    <name>com_astronomer</name>
    <creationDate>2016-05-16</creationDate>
    <copyright>2016 Troy Hall</copyright>
    <license>GNU General Public License version 2 or later; see LICENSE.txt</license>
    <author>Troy Hall</author>
    <authorEmail>troy@jowwow.net</authorEmail>
    <authorUrl>http://jowwow.net</authorUrl>
    <version>CVS: 1.0.4</version>
    <description>Astronomy system for ASO</description>
    
    <scriptfile>script.php</scriptfile>
    
    <install> <!-- Runs on install -->
        <sql>
            <file driver="mysql" charset="utf8">sql/install.mysql.utf8.sql</file>
        </sql>
    </install>
    <update> <!-- Runs on update -->
        <sql>
            <file driver="mysql" charset="utf8">sql/update.mysql.utf8.sql</file>
        </sql>
    </update>
    <uninstall> <!-- Runs on uninstall -->
        <sql>
            <file driver="mysql" charset="utf8">sql/uninstall.mysql.utf8.sql</file>
        </sql>
    </uninstall>

    <files folder="site">
        <filename>index.html</filename>
        <filename>astronomer.php</filename>
        <filename>controller.php</filename>
        <filename>router.php</filename>
        <folder>views</folder>
        <folder>models</folder>
        <folder>controllers</folder>
        <folder>helpers</folder>
    </files>
    <media destination="com_astronomer" folder="media">
        <folder>js</folder>
        <folder>css</folder>
    </media>
    <languages folder="languages/site">
        
			<language tag="en-GB">en-GB/en-GB.com_astronomer.ini</language>
    </languages>
    <administration>
        <menu img="media/com_astronomer/images/s_com_astronomer.png" >COM_ASTRONOMER</menu>
        <submenu>
            
			<menu link="option=com_astronomer&amp;view=observations" view="observations" img="media/com_astronomer/images/s_observations.png" alt="Astronomer/Observations">COM_ASTRONOMER_TITLE_OBSERVATIONS</menu>

			<menu link="option=com_astronomer&amp;view=lists" view="lists" img="media/com_astronomer/images/s_observations.png" alt="Astronomer/Lists">COM_ASTRONOMER_TITLE_LISTS</menu>

        </submenu>
        <files folder="administrator">
            <filename>access.xml</filename>
            <filename>config.xml</filename>
            <filename>controller.php</filename>
            <filename>index.html</filename>
            <filename>astronomer.php</filename>
            <folder>controllers</folder>
            <folder>assets</folder>
            <folder>helpers</folder>
            <folder>models</folder>
            <folder>sql</folder>
            <folder>tables</folder>
            <folder>views</folder>
        </files>
        <languages folder="languages/administrator">
            
			<language tag="en-GB">en-GB/en-GB.com_astronomer.ini</language>
			<language tag="en-GB">en-GB/en-GB.com_astronomer.sys.ini</language>
        </languages>
    </administration>
    <config>
        <fields name="params">
            <fieldset name="component">
                <field name="save_history" default="0" />
            </fieldset>
        </fields>
    </config>
    <plugins>
        <plugin group="search" plugin="astronomer"/>
    </plugins>
    <modules>
		<module module="mod_astronomer" />
	</modules>
</extension>
<!-- Component built by the Joomla Component Creator -->
<!-- http://www.component-creator.com/ -->
