<?xml version="1.0"?>
<component>
  <table action="change" old_name="#__joomla_astronomer" new_name="#__astronomer_astrometry" table_name="#__astronomer_astrometry" storage_engine="MyISAM" collation="utf8mb4_unicode_ci">
    <field field_name="id" field_type="INT" field_length="11" is_autoincrement="1" description=""/>
    <field action="change" field_name="observations" field_type="VARCHAR" field_length="80" description="Exact 80 character MPC string"/>
    <field field_name="ordering" field_type="INT" field_length="11" description=""/>
    <field field_name="state" field_type="TINYINT" field_length="1" description=""/>
    <field field_name="checked_out" field_type="INT" field_length="11" description=""/>
    <field field_name="checked_out_time" field_type="DATETIME" description=""/>
    <field field_name="created_by" field_type="INT" field_length="11" description=""/>
    <field action="remove" field_name="humandate"/>
    <field action="remove" field_name="designation"/>
    <field action="remove" field_name="year"/>
    <field action="remove" field_name="month"/>
    <field action="remove" field_name="day"/>
    <field action="remove" field_name="mag"/>
    <field action="remove" field_name="observatory"/>
  </table>
</component>
