<?xml version="1.0"?>
<component>
  <table action="add" table_name="#__joomla_astronomer" storage_engine="MyISAM" collation="utf8mb4_unicode_ci">
    <field field_name="id" field_type="INT" field_length="11" is_autoincrement="1" description=""/>
    <field field_name="humandate" field_type="DATETIME" field_length="5" description=""/>
    <field field_name="designation" field_type="VARCHAR" field_length="8" description=""/>
    <field field_name="year" field_type="CHAR" field_length="4" description=""/>
    <field field_name="month" field_type="CHAR" field_length="2" description=""/>
    <field field_name="day" field_type="CHAR" field_length="2" description=""/>
    <field field_name="mag" field_type="CHAR" field_length="4" description=""/>
    <field field_name="observatory" field_type="CHAR" field_length="3" description=""/>
    <field field_name="entry" field_type="CHAR" field_length="80" description=""/>
    <field field_name="fulltext" field_type="VARCHAR" field_length="255" description=""/>
    <field field_name="ordering" field_type="INT" field_length="11" description=""/>
    <field field_name="state" field_type="TINYINT" field_length="1" description=""/>
    <field field_name="checked_out" field_type="INT" field_length="11" description=""/>
    <field field_name="checked_out_time" field_type="DATETIME" description=""/>
    <field field_name="created_by" field_type="INT" field_length="11" description=""/>
  </table>
</component>
